miRNAs	n_geneset	hyper_pval
dme-miR-263b-5p	2	0.5861502527639516
dme-miR-133-3p	0	
dme-miR-316-5p	3	0.4096419445791673
dme-miR-1011-3p	1	0.9330866319301063
dme-miR-956-3p	2	0.35703549959082514
dme-miR-2489-3p	2	0.9365831804425717
dme-miR-4946-5p	8	0.15946031728731166
dme-miR-4976-5p	0	
dme-miR-284-5p	0	
dme-miR-1005-3p	0	
dme-miR-79-5p	2	0.5615212094777774
dme-miR-4967-5p	8	0.06250958443460491
dme-miR-4982-3p	3	0.11849451409354793
dme-miR-929-5p	2	0.727359557258315
dme-miR-4950-5p	0	
dme-miR-280-5p	7	0.3795963880830591
dme-miR-2494-3p	0	
dme-miR-4911-3p	9	0.061251468757649426
dme-miR-956-5p	11	0.001208998470276955
dme-miR-4947-5p	0	
dme-miR-9370-5p	4	0.2411061997969751
dme-miR-7-3p	13	0.03003120791794375
dme-miR-315-3p	2	0.7449873310284042
dme-miR-34-5p	0	
dme-miR-1000-5p	5	0.38499688288169787
dme-miR-310-5p	1	0.5964264934372819
dme-miR-4940-5p	1	0.49905746273774937
dme-miR-4956-3p	1	0.7163163637233216
dme-miR-2280-3p	8	0.07483615210936864
dme-miR-9373-3p	1	0.6357712032006532
dme-miR-980-5p	11	0.02944588679775268
dme-miR-982-3p	4	0.0998133215059999
dme-miR-2492-5p	2	0.3895491167093427
dme-miR-193-5p	5	0.021715293338318932
dme-miR-2492-3p	11	0.048075976396405005
dme-miR-4975-5p	6	0.12654901338298113
dme-miR-4953-3p	12	0.13915259545989617
dme-miR-2499-3p	1	0.574383429483614
dme-miR-10-3p	3	0.7048831394322371
dme-miR-1006-3p	3	0.6979619953169051
dme-miR-277-3p	5	0.39383576823001654
dme-miR-970-3p	2	0.30999426132777147
dme-miR-987-5p	7	0.04895047249540027
dme-miR-2498-5p	0	
dme-miR-1014-3p	4	0.5692228393309546
dme-miR-4983-3p	5	0.29503363525336795
dme-miR-9369-3p	10	0.031155055133232086
dme-miR-4958-5p	3	0.09118209626003555
dme-miR-4973-5p	2	0.19644856831253596
dme-miR-9381-3p	1	0.38304259326082046
dme-miR-124-3p	1	0.657578795391045
dme-miR-79-3p	1	0.8999016342725764
dme-miR-9a-3p	1	0.9001176499761739
dme-miR-4943-5p	16	0.34355673796419867
dme-miR-9372-5p	1	0.9130481230459093
dme-miR-2283-5p	19	1.24552759425778e-05
dme-miR-289-5p	16	0.0028386628817358953
dme-miR-972-5p	15	0.008587380913957525
dme-miR-4974-3p	10	0.15733943068519957
dme-miR-210-5p	8	0.0038807637658697567
dme-miR-1013-3p	8	0.02970911895029709
dme-miR-4949-5p	1	0.5787104565475717
dme-miR-279-3p	0	
dme-miR-286-3p	0	
dme-miR-996-3p	0	
dme-miR-978-5p	2	0.335811818167674
dme-miR-283-3p	3	0.455986064494435
dme-miR-9374-3p	1	0.2623566678041365
dme-miR-989-3p	2	0.30999426132777147
dme-miR-210-3p.1	3	0.27476188072059027
dme-miR-210-3p.2	2	0.3679360257479176
dme-miR-955-5p	1	0.47512934993422773
dme-miR-307a-3p	0	
dme-miR-1-3p	1	0.768711157868924
dme-miR-9378-3p	1	0.29978019043474696
dme-miR-4967-3p	2	0.9266187690887775
dme-miR-4984-5p	1	0.6956041907329273
dme-miR-4961-3p	7	0.35771885782939716
dme-miR-975-3p	3	0.06148219487985493
dme-miR-4939-3p	1	0.39413047085035663
dme-miR-973-3p	6	0.001310133284962002
dme-miR-2280-5p	3	0.11849451409354793
dme-miR-318-5p	1	0.6431846937934886
dme-miR-4-5p	5	0.25607949214828707
dme-miR-iab-8-3p	1	0.8048678241922479
dme-miR-991-3p	6	0.15158801206916298
dme-miR-9374-5p	1	0.72785968554276
dme-miR-263a-3p	2	0.24032167594500828
dme-miR-972-3p	3	0.6049224582889144
dme-miR-4969-5p	3	0.35914285558021986
dme-miR-1003-5p	1	0.6918012715661811
dme-miR-4986-5p	2	0.39882809310640527
dme-miR-1008-5p	15	0.005357630127248124
dme-miR-2279-5p	16	0.0017747195737657687
dme-miR-959-3p	2	0.38883307221226565
dme-miR-9388-5p	7	0.3623632901599895
dme-let-7-3p	8	0.06488726624837353
dme-miR-1012-3p	0	
dme-miR-4-3p	2	0.727359557258315
dme-miR-1017-3p	0	
dme-miR-3641-5p	3	0.23791468368725335
dme-miR-9c-3p	2	0.6547369523557389
dme-miR-4948-3p	0	
dme-miR-1006-5p	1	0.896159906713064
dme-miR-9382-5p	1	0.6118362585041903
dme-miR-3644-5p	1	0.768711157868924
dme-miR-4914-5p	1	0.7725506553967793
dme-miR-4910-5p	7	0.3785158201905745
dme-miR-3642-5p	1	0.7672553414550369
dme-miR-3643-5p	0	
dme-miR-2279-3p	1	0.5031103435849712
dme-miR-4909-3p	5	0.5312544852456382
dme-miR-303-3p	9	0.026520875466322476
dme-miR-3645-5p	1	0.757828484643277
dme-miR-190-5p	1	0.7964821976119733
dme-miR-965-3p	0	
dme-miR-7-5p	1	0.5997187573032318
dme-miR-9a-5p	3	0.34743136903999505
dme-miR-9b-5p	2	0.6136665096839876
dme-miR-9c-5p	3	0.3435267214281077
dme-miR-137-3p	3	0.5970374703008906
dme-miR-315-5p	5	0.6192782609412095
dme-bantam-3p	0	
dme-miR-968-5p	3	0.1784631276681213
dme-miR-1002-5p	5	0.13393250495185824
dme-miR-iab-4-5p	1	0.7904072318094658
dme-miR-971-3p	3	0.31844718459576277
dme-miR-999-3p	3	0.22357884688216426
dme-miR-960-5p	2	0.42700677717715446
dme-miR-12-5p	2	0.42909593443925337
dme-miR-281-2-5p	2	0.1885307229270497
dme-miR-124-5p	1	0.5548315623800487
dme-miR-285-5p	0	
dme-miR-2493-5p	0	
dme-miR-2493-3p	3	0.21205160902359677
dme-miR-4985-3p	2	0.04637012798492218
dme-miR-1001-3p	0	
dme-miR-9383-3p	1	0.5787104565475717
dme-miR-961-3p	7	0.14791899651528229
dme-miR-9377-3p	3	0.3340456513645293
dme-miR-961-5p	2	0.4971776329621252
dme-miR-4977-5p	10	0.05649558609547373
dme-miR-957-5p	10	0.024082067516539213
dme-miR-1000-3p	2	0.5132937702790026
dme-miR-4982-5p	4	0.3695749639234168
dme-miR-1002-3p	3	0.2890634427423927
dme-miR-6-1-5p	1	0.7174915506126706
dme-miR-31a-3p	1	0.6005377792852479
dme-miR-31b-3p	1	0.5897636819381823
dme-miR-4955-3p	1	0.5372533943645115
dme-miR-1-5p	0	
dme-miR-979-5p	0	
dme-miR-309-5p	3	0.21570331163383055
dme-miR-981-5p	2	0.6361985650526053
dme-miR-3645-3p	4	0.2241384395218309
dme-miR-4958-3p	1	0.39413047085035663
dme-miR-988-5p	4	0.13684023979851462
dme-miR-927-3p	1	0.681435486399825
dme-miR-1016-5p	5	0.15536535279944327
dme-miR-304-3p	1	0.8892263832733563
dme-miR-9b-3p	1	0.5922745375416473
dme-miR-2283-3p	7	0.001676788025266622
dme-miR-3644-3p	6	0.1207187751414026
dme-miR-974-3p	5	0.12712765825547748
dme-miR-8-5p	3	0.28851172029475003
dme-miR-9371-3p	4	0.34648820048307993
dme-miR-4916-3p	7	0.10100670704694266
dme-miR-993-5p	0	
dme-miR-9384-3p	7	0.06819423855349656
dme-miR-4949-3p	2	0.5209184426388314
dme-miR-966-5p	5	0.030601356739903527
dme-miR-9378-5p	4	0.01361634355656863
dme-miR-9372-3p	2	0.43118153704266626
dme-miR-4979-5p	12	0.008672815971523109
dme-miR-287-3p	3	0.3424111305253338
dme-miR-964-3p	8	0.02012904356388172
dme-miR-4963-5p	4	0.29107983159608797
dme-miR-4984-3p	6	0.12374234138675487
dme-miR-4944-3p	5	0.19990941409672464
dme-miR-2501-5p	5	0.3439460513674974
dme-miR-314-5p	4	0.3610854598377358
dme-miR-4917-3p	2	0.275881037650989
dme-miR-2494-5p	1	0.8466791043154661
dme-miR-986-5p	0	
dme-miR-276a-3p	1	0.5511851026385859
dme-miR-276b-3p	1	0.5511851026385859
dme-miR-10-5p	1	0.278418617511138
dme-miR-283-5p	4	0.3286615916291257
dme-miR-263a-5p	1	0.658283644654268
dme-miR-314-3p	1	0.8232866508004565
dme-miR-985-3p	6	0.45217575439891816
dme-miR-994-3p	3	0.2535137803203494
dme-miR-963-3p	1	0.6987387850396873
dme-miR-4983-5p	0	
dme-miR-4985-5p	3	0.35245133947615637
dme-miR-4955-5p	0	
dme-miR-2489-5p	5	0.093054713390506
dme-miR-955-3p	4	0.593190642564457
dme-miR-2497-3p	3	0.38252226503016207
dme-miR-2c-5p	0	
dme-miR-4951-3p	0	
dme-miR-997-5p	2	0.2788501585937256
dme-miR-9375-5p	0	
dme-miR-278-5p	0	
dme-miR-4977-3p	3	0.08888558513002284
dme-miR-9371-5p	1	0.7384065844999367
dme-miR-2490-3p	1	0.7667681143191025
dme-miR-9377-5p	3	0.2089340414758816
dme-miR-2491-5p	4	0.20755137437025858
dme-miR-2495-5p	1	0.6350217612572128
dme-miR-4966-3p	5	0.02284855084013789
dme-miR-4979-3p	2	0.628796124847309
dme-miR-987-3p	1	0.8359044727027701
dme-miR-954-3p	6	0.005160271358431401
dme-miR-4950-3p	3	0.31121838023537596
dme-miR-4963-3p	2	0.743787959635229
dme-miR-4945-5p	4	0.355901654044933
dme-miR-4919-3p	0	
dme-miR-4965-3p	0	
dme-miR-1003-3p	0	
dme-miR-1004-3p	0	
dme-miR-33-3p	10	0.009791715532904298
dme-miR-1014-5p	4	0.18853804623362438
dme-miR-9379-3p	0	
dme-miR-317-5p	0	
dme-miR-92b-5p	1	0.40141567023429653
dme-miR-274-3p	7	0.13823126129741994
dme-miR-2a-1-5p	3	0.2502708998519991
dme-miR-2501-3p	6	0.000647557994536789
dme-miR-137-5p	1	0.7157270089943426
dme-miR-962-3p	0	
dme-miR-252-5p	5	0.1566531114346463
dme-miR-4968-3p	0	
dme-miR-5-5p	1	0.722722211893324
dme-miR-965-5p	0	
dme-miR-1001-5p	0	
dme-miR-954-5p	1	0.584697293878074
dme-miR-4978-5p	0	
dme-miR-995-5p	0	
dme-miR-4980-3p	0	
dme-miR-981-3p	2	0.5120159239566889
dme-miR-978-3p	0	
dme-miR-4913-3p	2	0.35119912807751014
dme-miR-967-3p	5	0.20241833874855927
dme-miR-977-5p	2	0.48736110483335127
dme-miR-989-5p	1	0.5353647087879242
dme-miR-3643-3p	2	0.31221376615653157
dme-miR-8-3p	3	0.38529895029059663
dme-let-7-5p	1	0.367954894806712
dme-miR-305-5p	1	0.9130481230459093
dme-miR-973-5p	1	0.819513500614301
dme-miR-968-3p	4	0.20003674633276367
dme-miR-984-5p	0	
dme-miR-997-3p	2	0.22265955633293288
dme-miR-13a-5p	0	
dme-miR-4959-5p	2	0.4945705186240255
dme-miR-263b-3p	4	0.08698355928089485
dme-miR-1004-5p	4	0.06803619081261761
dme-miR-13b-1-5p	3	0.2616531044751004
dme-miR-9373-5p	10	0.003749333295921255
dme-miR-4960-3p	1	0.43202303021850935
dme-miR-33-5p	7	0.05555832788636232
dme-miR-274-5p	2	0.5433488646586664
dme-miR-281-3p	2	0.15259744426850227
dme-miR-4965-5p	1	0.5906022812300235
dme-miR-2281-5p	5	0.10617777019305152
dme-miR-4972-5p	0	
dme-miR-9379-5p	1	0.7289888522155629
dme-miR-133-5p	4	0.04922034287097309
dme-miR-317-3p	0	
dme-miR-4943-3p	0	
dme-miR-278-3p	0	
dme-miR-4941-3p	2	0.16651696235258115
dme-miR-3-3p	0	
dme-miR-309-3p	0	
dme-miR-318-3p	0	
dme-miR-966-3p	1	0.3577000042126688
dme-miR-2497-5p	3	0.2405902153357516
dme-miR-312-5p	1	0.5735129110221052
dme-miR-1009-3p	4	0.10355002559903764
dme-miR-9381-5p	1	0.37930346757691735
dme-miR-9380-3p	2	0.17924108749534348
dme-miR-14-3p	0	
dme-miR-2a-3p	2	0.4504701563254973
dme-miR-2b-3p	2	0.4504701563254973
dme-miR-2c-3p	2	0.4504701563254973
dme-miR-5-3p	2	0.4436187647967137
dme-miR-6-3p	2	0.45931270701955745
dme-miR-11-3p	3	0.19454718912856211
dme-miR-13a-3p	2	0.4422434307752692
dme-miR-13b-3p	2	0.4422434307752692
dme-miR-308-3p	2	0.4401773096118285
dme-miR-1010-3p	0	
dme-miR-927-5p	1	0.9282267256321967
dme-miR-125-3p	3	0.3346032284100557
dme-miR-4966-5p	1	0.9585236922605895
dme-miR-990-3p	2	0.2788501585937256
dme-miR-3642-3p	3	0.33293056853757963
dme-bantam-5p	2	0.6691526254595995
dme-miR-4954-3p	1	0.6150075392264962
dme-miR-2500-3p	8	0.06474577292666653
dme-miR-4973-3p	1	0.656164900621363
dme-miR-932-3p	0	
dme-miR-277-5p	1	0.5277355772541119
dme-miR-1012-5p	0	
dme-miR-6-2-5p	0	
dme-miR-6-3-5p	0	
dme-miR-308-5p	0	
dme-miR-2a-2-5p	1	0.658283644654268
dme-miR-990-5p	0	
dme-miR-4961-5p	0	
dme-miR-3-5p	2	0.35119912807751014
dme-miR-4944-5p	5	0.0618972052658894
dme-miR-958-3p	0	
dme-miR-998-5p	2	0.4741059978188435
dme-miR-284-3p	0	
dme-miR-977-3p	0	
dme-miR-969-3p	2	0.3592201787207533
dme-miR-959-5p	1	0.6304938753959014
dme-miR-2498-3p	1	0.6357712032006532
dme-miR-3641-3p	1	0.8447121037699293
dme-miR-967-5p	0	
dme-miR-12-3p	0	
dme-miR-9388-3p	0	
dme-miR-303-5p	2	0.6076043497284584
dme-miR-iab-8-5p	0	
dme-miR-964-5p	3	0.40081131290143207
dme-miR-2496-5p	3	0.1223833906469678
dme-miR-2282-3p	0	
dme-miR-2499-5p	1	0.6165838226069199
dme-miR-4986-3p	0	
dme-miR-219-3p	2	0.2721699422015611
dme-miR-9369-5p	0	
dme-miR-992-3p	4	0.053108908166572905
dme-miR-983-3p	3	0.28851172029475003
dme-miR-4972-3p	2	0.710104958875258
dme-miR-2491-3p	0	
dme-miR-87-3p	1	0.7384065844999367
dme-miR-11-5p	1	0.768711157868924
dme-miR-316-3p	0	
dme-miR-34-3p	0	
dme-miR-932-5p	1	0.849584751081437
dme-miR-281-1-5p	1	0.6327645282699517
dme-miR-2281-3p	4	0.081599680489508
dme-miR-958-5p	4	0.04330881423972904
dme-miR-9382-3p	0	
dme-miR-4915-5p	1	0.7934661906304883
dme-miR-962-5p	1	0.7563068700638474
dme-miR-31a-5p	1	0.5972519919140854
dme-miR-31b-5p	1	0.5880815255495253
dme-miR-9384-5p	2	0.2699435854611824
dme-miR-305-3p	1	0.6126314253137555
dme-miR-275-5p	0	
dme-miR-4952-5p	0	
dme-miR-193-3p	2	0.10626658460352649
dme-miR-288-3p	2	0.5958461151247161
dme-miR-2b-1-5p	2	0.6572553091503855
dme-miR-2b-2-5p	1	0.8979371720286606
dme-miR-4908-3p	4	0.042527634311701604
dme-miR-4956-5p	1	0.5344175886344972
dme-miR-2a-2/2c	0	
dme-miR-1008-3p	1	0.5306105108112807
dme-miR-4964-3p	0	
dme-miR-279-5p	5	0.03623497058718389
dme-miR-4987-5p	1	0.7964821976119733
dme-miR-996-5p	1	0.6181538994069025
dme-miR-4962-5p	1	0.6518894545562274
dme-miR-14-5p	0	
dme-miR-985-5p	0	
dme-miR-92a-3p	1	0.9377663571471664
dme-miR-92b-3p	1	0.9374919331321457
dme-miR-310-3p	1	0.9353963422089007
dme-miR-311-3p	1	0.9380396225590472
dme-miR-312-3p	2	0.7586479444107349
dme-miR-313-3p	1	0.9385826962186201
dme-miR-1007-5p	2	0.3372811074007161
dme-miR-4918-5p	1	0.7024593380926276
dme-miR-4912-5p	0	
dme-miR-304-5p	0	
dme-miR-971-5p	1	0.7317920942916281
dme-miR-125-5p	0	
dme-miR-976-3p	3	0.4505926540411045
dme-miR-993-3p	0	
dme-miR-988-3p	1	0.4026216518370077
dme-miR-252-3p	4	0.03569335068746181
dme-miR-1015-3p	0	
dme-miR-313-5p	2	0.35994791020705846
dme-miR-iab-4-3p	1	0.781425408334709
dme-miR-4970-5p	2	0.16511409643713226
dme-miR-4962-3p	0	
dme-miR-4957-5p	0	
dme-miR-4940-3p	0	
dme-miR-975-5p	3	0.31789075386165533
dme-miR-13b-2-5p	0	
dme-miR-983-5p	3	0.36415915634229384
dme-miR-375-3p	7	0.01869091733453401
dme-miR-4957-3p	0	
dme-miR-4919-5p	0	
dme-miR-9376-5p	0	
dme-miR-984-3p	0	
dme-miR-980-3p	0	
dme-miR-4968-5p	0	
dme-miR-4976-3p	1	0.49803928684890464
dme-miR-307a-5p	0	
dme-miR-9383-5p	0	
dme-miR-190-3p	0	
dme-miR-979-3p	1	0.6037977827439241
dme-miR-9376-3p	0	
dme-miR-976-5p	1	0.851492354142975
dme-miR-306-5p	1	0.3730231210259705
dme-miR-9380-5p	2	0.22632914198990486
dme-miR-4981-3p	2	0.132900605197703
dme-miR-4942-3p	0	
dme-miR-9375-3p	0	
dme-miR-4948-5p	0	
dme-miR-974-5p	0	
dme-miR-276a-5p	1	0.3218952938482412
dme-miR-276b-5p	1	0.3218952938482412
dme-miR-2535b-3p	0	
dme-miR-970-5p	0	
dme-miR-282-3p	0	
dme-miR-307b-5p	0	
dme-miR-2490-5p	0	
dme-miR-9370-3p	2	0.10500965486536847
dme-miR-9385-3p	0	
dme-miR-286-5p	1	0.7103695705006676
dme-miR-219-5p	1	0.812130015762979
dme-miR-1010-5p	1	0.7432642234268512
dme-miR-184-5p	3	0.20997193065743594
dme-miR-929-3p	0	
dme-miR-100-3p	0	
dme-miR-4971-5p	1	0.5897636819381823
dme-miR-311-5p	0	
dme-miR-1016-3p	0	
dme-miR-991-5p	1	0.7103695705006676
dme-miR-969-5p	1	0.6204974286150392
dme-miR-306-3p	0	
dme-miR-4951-5p	2	0.08142256266290125
dme-miR-999-5p	1	0.6518894545562274
dme-miR-184-3p	0	
dme-miR-92a-5p	0	
dme-miR-4969-3p	1	0.2653023664606344
dme-miR-2496-3p	0	
dme-miR-963-5p	4	0.00328378607067745
dme-miR-275-3p	0	
dme-miR-375-5p	1	0.6475629142381756
dme-miR-307b-3p	0	
dme-miR-960-3p	1	0.4467567311248766
dme-miR-1007-3p	0	
dme-miR-992-5p	0	
dme-miR-4987-3p	0	
dme-miR-9385-5p	1	0.6365191653484554
dme-miR-982-5p	0	
dme-miR-2495-3p	1	0.26969971629774536
dme-miR-4952-3p	0	
dme-miR-994-5p	1	0.7552873576857994
dme-miR-2500-5p	1	0.72785968554276
dme-miR-87-5p	0	
dme-miR-282-5p	1	0.30118246378958613
dme-miR-4954-5p	0	
dme-miR-957-3p	0	
dme-miR-4974-5p	0	
dme-miR-4941-5p	0	
dme-miR-986-3p	1	0.42393396914260034
dme-miR-285-3p	1	0.35251275039785074
dme-miR-995-3p	1	0.35251275039785074
dme-miR-998-3p	1	0.3654060319434719
dme-miR-100-5p	1	0.13990107351434952
